url,title,productCount,scrapedAt
https://smartdoko.com/category/tv-home-appliances-183,Login with your SmartDoko ID,16,2025-11-08T13:55:36.359Z
https://smartdoko.com/product/kiyu-ky309-2000-watts-premium-fan-heater,Login with your SmartDoko ID,,2025-11-08T13:55:42.929Z
https://smartdoko.com/product/aakash-india-fh8012t-heat-convector-fan-blower-heater-2000watts,Login with your SmartDoko ID,,2025-11-08T13:55:42.976Z
https://smartdoko.com/product/midea-xtreme-series-10-ton-inverter-msagb-12hrfn8-air-conditioner,Login with your SmartDoko ID,,2025-11-08T13:55:44.722Z
https://smartdoko.com/product/ifb-laundrimagic-963-kg-fully-automatic-washer-dryer-refresher-with-steam-refresh-ai-powered-100-dry-clothes-9-swirl-wash-mimic-handwashing-wifi-eco-inverter-motor-wdr-executive-zmn-mocha,Login with your SmartDoko ID,,2025-11-08T13:55:49.329Z
https://smartdoko.com/product/kiyu-ky301-1200w-3-rod-premium-halogen-heater,Login with your SmartDoko ID,,2025-11-08T13:55:49.354Z
https://smartdoko.com/product/electron-oxygen-free-copper-ofc-gas-geyser-el-3066,Login with your SmartDoko ID,,2025-11-08T13:55:50.549Z
https://smartdoko.com/product/electron-gas-geyser-el-3047,Login with your SmartDoko ID,,2025-11-08T13:55:54.809Z
https://smartdoko.com/product/bajaj-15ltrs-electric-geyser-150898-maestro,Login with your SmartDoko ID,,2025-11-08T13:55:55.359Z
https://smartdoko.com/product/bajaj-25ltrs-electric-geyser-150899-maestro,Login with your SmartDoko ID,,2025-11-08T13:55:55.475Z
https://smartdoko.com/product/bajaj-15ltrs-shakti-pc-deluxe-electric-geyser-150771,Login with your SmartDoko ID,,2025-11-08T13:55:56.439Z
https://smartdoko.com/product/yasuda-15ltrs-electric-geyser-ys-egg15,Login with your SmartDoko ID,,2025-11-08T13:56:00.580Z
https://smartdoko.com/product/bajaj-10ltrs-storage-electric-geyser-150897-maestro,Login with your SmartDoko ID,,2025-11-08T13:56:01.119Z
https://smartdoko.com/product/bajaj-25ltrs-shakti-pc-deluxe-electric-geyser-150772,Login with your SmartDoko ID,,2025-11-08T13:56:01.245Z
https://smartdoko.com/product/yasuda-10ltrs-electric-geyser-ys-egg10,Login with your SmartDoko ID,,2025-11-08T13:56:02.704Z
https://smartdoko.com/product/bajaj-25ltrselectric-geyser-150925-armor-series-pentacle,Login with your SmartDoko ID,,2025-11-08T13:56:04.980Z
https://smartdoko.com/product/midea-420w-water-dispenser-yl1631s-b,Login with your SmartDoko ID,,2025-11-08T13:56:06.340Z
